Δεδομένα Εργασίας,,Ημερομηνία:,21 Ιουλίου,,,,,,Μηχανικός:,Ρακοβαλής Παύλος (ΑΕΜ 6931),,,,,,,,,,,,,,
Τοποθεσία,,Θεσσαλονίκη,Γ.Πλάτος:,40°N,,,,,Γ.Μήκος:,22.9°E,,,,,,,,,,,,,,
Συνθήκες Σχεδιασμού,,Εσ. Θερμοκρασία:,26.0 °C,,Εσ. Σχ. Υγρασία:,50%,,,Εξ. Θερμοκρασία:,36.0 °C (max) / 30.5 °C (μέση),,Εξ. Σχ. Υγρασία:,~45%,,DR=11.0°C,,,,,,,,,
Χώρος,,ΚΤΙΡΙΟ Γ1 - ΚΑΤΟΨΗ ΙΣΟΓΕΙΟΥ (ΜΙΑ ΖΩΝΗ),,,,,,,10.00 × 14.50 m = 145.00 m²,,,,,,,,,,,,,,,
Παραδοχές,,Τοίχοι: Ομάδα D / K=0.65 / LM≈0,,Οροφή: Τύπος 9 / K=1.0 / f=1.0 / LM_HOR=0.5,,,Παράθυρα: SC=0.69,,Διόρθωση: (25.5−26)+(30.5−29.4) = +0.6°C,,,,,,,,,,,,,,,
,,,,,,,,,,,,,,,,,,,,,,,,
ΑΙΣΘΗΤΑ ΦΟΡΤΙΑ,,,,,,,,,,08:00,,,12:00,,,16:00,,,20:00,,,24:00,,
,,,,,,,,,,CLTDt/CLF,,qt (W),CLTDt/CLF,,qt (W),CLTDt/CLF,,qt (W),CLTDt/CLF,,qt (W),CLTDt/CLF,,qt (W)
Στοιχείο — Προσ/μός,Τύπος κατασκευής,,,,,U [W/m²K],,A [m²],,°C,,W,°C,,W,°C,,W,°C,,W,°C,,W
,,,,,,,,,,,,,,,,,,,,,,,,
ΤΟΙΧΟΙ (q = U × A × CLTDcorr),CLTDcorr = (CLTD+LM)×K + 0.6,,,,,,,,,,,,,,,,,,,,,,,
Τοίχος Βορράς (Β),Ομάδα D / K=0.65,,,,,0.45,,22.30,,2.8,,24.3,5.0,,38.6,5.6,,42.5,5.6,,42.5,4.4,,34.7
Τοίχος Νότος (Ν),Ομάδα D / K=0.65,,,,,0.45,,27.48,,3.3,,33.9,9.4,,83.0,8.3,,74.1,6.1,,56.5,5.0,,47.6
Τοίχος Ανατολή (Α),Ομάδα D / K=0.65,,,,,0.45,,35.94,,12.8,,144.3,11.7,,132.7,7.8,,91.7,6.1,,73.8,5.6,,68.6
Τοίχος Δύση (Δ),Ομάδα D / K=0.65,,,,,0.45,,39.30,,3.3,,48.5,3.3,,48.5,12.2,,150.9,13.3,,163.5,10.0,,125.6
Σύνολο τοίχων,,,,,,,,,,,,251.0,,,302.9,,,359.2,,,336.3,,,276.5
,,,,,,,,,,,,,,,,,,,,,,,,
ΟΡΟΦΗ (q = U × A × CLTDcorr × f),CLTDcorr = (CLTD+0.5)×1.0 + 0.6,,,,,,,,,,,,,,,,,,,,,,,
Οροφή (Τύπος 9),Τύπος 9 / K=1.0 / f=1.0,,,,,0.40,,145.00,,2.2,,191.4,8.3,,545.2,15.6,,968.6,15.0,,933.8,8.9,,580.0
,,,,,,,,,,,,,,,,,,,,,,,,
ΠΑΡΑΘΥΡΑ — ΑΓΩΓΙΜΟΤΗΤΑ (q = U × A × CLTDcorr),CLTDcorr = CLTD + 0.6 (χωρίς K/LM),,,,,,,,,,,,,,,,,,,,,,,
Π1+Π2 Βορράς,Διπλός υαλοπίνακας,,,,,2.40,,7.70,,0,,11.1,5,,103.5,8,,158.9,4,,85.0,1,,29.6
Π3 Νότος,Διπλός υαλοπίνακας,,,,,2.40,,2.52,,0,,3.6,5,,33.9,8,,52.0,4,,27.8,1,,9.7
Μπαλκ. Ανατολή,Διπλός υαλοπίνακας,,,,,2.40,,7.56,,0,,10.9,5,,101.6,8,,156.0,4,,83.5,1,,29.0
Μπαλκ. Δύση,Διπλός υαλοπίνακας,,,,,2.40,,4.20,,0,,6.0,5,,56.4,8,,86.7,4,,46.4,1,,16.1
Σύνολο αγωγιμ. υαλοπ.,,,,,,,,,,,,31.7,,,295.4,,,453.7,,,242.7,,,84.4
,,,,,,,,,,,,,,,,,,,,,,,,
ΠΑΡΑΘΥΡΑ — ΗΛΙΑΚΑ (q = A × SC × SHGFmax × CLF),,,,,,,,,,,,,,,,,,,,,,,,
Στοιχείο — Προσ/μός,,,,A [m²],,SC,,SHGFmax,,CLF,,q (W),CLF,,q (W),CLF,,q (W),CLF,,q (W),CLF,,q (W)
Π1+Π2 Βορράς (Β),,,,7.70,,0.69,,131,,0.65,,452.4,0.89,,619.4,0.75,,522.0,0.18,,125.3,0.10,,69.6
Π3 Νότος (Ν),,,,2.52,,0.69,,190,,0.23,,76.0,0.83,,274.2,0.35,,115.6,0.09,,29.7,0.05,,16.5
Μπαλκ. Ανατολή (Α),,,,7.56,,0.69,,527,,0.80,,2199.2,0.27,,742.2,0.17,,467.3,0.05,,137.5,0.03,,82.5
Μπαλκ. Δύση (Δ),,,,4.20,,0.69,,527,,0.11,,168.0,0.17,,259.6,0.82,,1252.3,0.12,,183.3,0.06,,91.6
Σύνολο ηλιακών κερδών,,,,,,,,,,,,2895.6,,,1895.5,,,2357.3,,,475.7,,,260.2
,,,,,,,,,,,,,,,,,,,,,,,,
ΕΝΑΛΛΑΓΕΣ ΑΕΡΑ (q_αισθ = ṁ × Cp × ΔΤ),ACH=0.5  ṁ=0.0727 kg/s  V=60.4 L/s,,,,,,,,,,,,,,,,,,,,,,,
,,,,,,,,,,To=26.8  ΔΤ=0.8,,56.8,To=33.5  ΔΤ=7.5,,558.7,To=35.7  ΔΤ=9.7,,723.2,To=30.8  ΔΤ=4.8,,361.2,To=27.0  ΔΤ=1.0,,73.3
,,,,,,,,,,,,,,,,,,,,,,,,
ΕΣΩΤΕΡΙΚΑ ΧΩΡΙΣΜΑΤΑ (q = U × A × ΔΤ),,,,,,,,,,,,,,,,,,,,,,,,
Δεν υπολογίζονται — ενιαία ζώνη (ΔΤ=0),,,,,,,,,,,,0.0,,,0.0,,,0.0,,,0.0,,,0.0
,,,,,,,,,,,,,,,,,,,,,,,,
ΕΣΩΤΕΡΙΚΑ ΦΟΡΤΙΑ (αισθητά),,,,Αριθμός/Ισχύς,,HG/μονάδα,,CLF,,,,,,,,,,,,,,,,
Άνθρωποι,,,,4 άτομα,,73 W/άτ.,,1.0,,,,292,,,292,,,292,,,292,,,292
Φωτισμός,,,,1450 W (εγκατ.),,fu=0.30 / fs=1.0,,1.0,,,,435,,,435,,,435,,,435,,,435
Εξοπλισμός (αισθητό),,,,—,,400 W,,1.0,,,,400,,,400,,,400,,,400,,,400
Σύνολο εσωτ. αισθητών,,,,,,,,,,,,1127,,,1127,,,1127,,,1127,,,1127
,,,,,,,,,,,,,,,,,,,,,,,,
ΣΥΝΟΛΙΚΟ ΑΙΣΘΗΤΟ ΦΟΡΤΙΟ,,,,,,,,,,,,4553.5,,,4724.7,,,5989.0,,,3476.8,,,2401.4
,,,,,,,,,,,,,,,,,,,,,,,,
,,,,,,,,,,,,,,,,,,,,,,,,
ΛΑΝΘΑΝΟΝΤΑ ΦΟΡΤΙΑ,,,,,,,,,,08:00,,,12:00,,,16:00,,,20:00,,,24:00,,
,,,,,,,,,,,,,,,,,,,,,,,,
Εναλλαγές αέρα (q_λανθ = ṁ × ΔW × hg),,,,,,,,,,,,,,,,,,,,,,,,
,ṁ=0.0727 kg/s,,,Wo=0.0145,,Wi=0.0105,,"ΔW=0.0040, hg=2445 kJ/kg",,,,711.4,,,711.4,,,711.4,,,711.4,,,711.4
,,,,,,,,,,,,,,,,,,,,,,,,
Άνθρωποι (λανθάνον),,,,4 άτομα,,59 W/άτ.,,,,,,236,,,236,,,236,,,236,,,236
Εξοπλισμός (λανθάνον),,,,—,,200 W,,,,,,200,,,200,,,200,,,200,,,200
,,,,,,,,,,,,,,,,,,,,,,,,
ΣΥΝΟΛΙΚΑ ΛΑΝΘΑΝΟΝΤΑ ΦΟΡΤΙΑ,,,,,,,,,,,,1147.4,,,1147.4,,,1147.4,,,1147.4,,,1147.4
,,,,,,,,,,,,,,,,,,,,,,,,
,,,,,,,,,,,,,,,,,,,,,,,,
ΣΥΝΟΛΙΚΟ ΨΥΚΤΙΚΟ ΦΟΡΤΙΟ (Αισθ. + Λανθ.),,,,,,,,,,,,5701.0,,,5872.1,,,7136.4,,,4624.2,,,3548.8
,,,,,,,,,,,kW,5.70,,kW,5.87,,kW,7.14,,kW,4.62,,kW,3.55
